costat,curcd,datafmt,indfmt,consol,tic,datadate,gvkey,conml,act,at,lt,teq,mkvalt
A,USD,STD,INDL,C,AMH,2011-12-31,017639,American Homes 4 Rent,,3.5230,0.0490,3.4740,
A,USD,STD,INDL,C,AMH,2012-12-31,017639,American Homes 4 Rent,,921.4580,16.2940,905.1640,
A,USD,STD,INDL,C,AMH,2013-12-31,017639,American Homes 4 Rent,,4224.1440,573.4850,3650.6590,3005.1648
A,USD,STD,INDL,C,AMH,2014-12-31,017639,American Homes 4 Rent,,6227.3510,2057.7570,4169.5940,3601.4022
A,USD,STD,INDL,C,AMH,2015-12-31,017639,American Homes 4 Rent,,6807.7860,2872.5530,3935.2330,3463.1309
A,USD,STD,INDL,C,AMH,2016-12-31,017639,American Homes 4 Rent,,8107.2100,3169.5900,4937.6200,5106.0285
A,USD,STD,INDL,C,AMH,2017-12-31,017639,American Homes 4 Rent,,8608.7680,2732.9440,5875.8240,6262.6200
A,USD,STD,INDL,C,AMH,2018-12-31,017639,American Homes 4 Rent,,9001.4810,3027.7390,5973.7420,5888.5025
A,USD,STD,INDL,C,AMH,2019-12-31,017639,American Homes 4 Rent,,9100.1090,3081.3190,6018.7900,7882.4740
A,USD,STD,FS,C,AMH,2020-12-31,017639,American Homes 4 Rent,,9593.6250,3121.1950,6472.4300,
A,USD,STD,INDL,C,AMH,2020-12-31,017639,American Homes 4 Rent,,9593.6250,3121.1950,6472.4300,
A,USD,STD,FS,C,AMH,2021-12-31,017639,American Homes 4 Rent,,10962.4330,4224.0040,6738.4290,
A,USD,STD,INDL,C,AMH,2021-12-31,017639,American Homes 4 Rent,,10962.4330,4224.0040,6738.4290,
A,USD,STD,FS,C,AMH,2022-12-31,017639,American Homes 4 Rent,,12175.0590,5000.4010,7174.6580,
A,USD,STD,INDL,C,AMH,2022-12-31,017639,American Homes 4 Rent,,12175.0590,5000.4010,7174.6580,
A,USD,STD,FS,C,AMH,2023-12-31,017639,American Homes 4 Rent,,12688.1900,5035.3070,7652.8830,
A,USD,STD,INDL,C,AMH,2023-12-31,017639,American Homes 4 Rent,,12688.1900,5035.3070,7652.8830,
A,USD,STD,FS,C,AMH,2024-12-31,017639,American Homes 4 Rent,,13381.1510,5532.5210,7848.6300,
A,USD,STD,INDL,C,AMH,2024-12-31,017639,American Homes 4 Rent,,13381.1510,5532.5210,7848.6300,
A,USD,STD,FS,C,AMH,2025-12-31,017639,American Homes 4 Rent,,13242.1200,5532.6140,7709.5060,11769.6897
A,USD,STD,INDL,C,AMH,2025-12-31,017639,American Homes 4 Rent,,13242.1200,5532.6140,7709.5060,11769.6897
A,USD,STD,INDL,C,AMT,1996-12-31,105365,American Tower Corp,2.6900,37.1180,6.8600,,
A,USD,STD,INDL,C,AMT,1997-12-31,105365,American Tower Corp,8.6870,255.3560,101.5230,,
A,USD,STD,INDL,C,AMT,1998-12-31,105365,American Tower Corp,207.5850,1502.3430,396.5410,,2935.3493
A,USD,STD,INDL,C,AMT,1999-12-31,105365,American Tower Corp,139.4070,3018.8660,865.1300,,4504.5763
A,USD,STD,INDL,C,AMT,2000-12-31,105365,American Tower Corp,471.1520,5660.6790,2767.3030,,6526.0140
A,USD,STD,INDL,C,AMT,2001-12-31,105365,American Tower Corp,522.2070,6829.7230,3946.5900,,1773.5984
A,USD,STD,INDL,C,AMT,2002-12-31,105365,American Tower Corp,536.2530,5662.2030,3906.3130,1740.3230,662.8175
A,USD,STD,INDL,C,AMT,2003-12-31,105365,American Tower Corp,411.5150,5290.6540,3661.8770,1610.1780,2303.9567
A,USD,STD,INDL,C,AMT,2004-12-31,105365,American Tower Corp,309.0370,5085.9720,3608.9380,1470.9530,4224.6400
A,USD,STD,INDL,C,AMT,2005-12-31,105365,American Tower Corp,225.8780,8786.8540,4235.2390,4541.8210,11182.9505
A,USD,STD,INDL,C,AMT,2006-12-31,105365,American Tower Corp,486.0220,8613.2190,4224.7120,4384.9160,15831.7722
A,USD,STD,INDL,C,AMT,2007-12-31,105365,American Tower Corp,245.6740,8130.4570,5105.0230,3022.0920,17019.5094
A,USD,STD,INDL,C,AMT,2008-12-31,105365,American Tower Corp,473.6800,8211.6650,5217.1860,2991.3220,11639.3656
A,USD,STD,INDL,C,AMT,2009-12-31,105365,American Tower Corp,651.3560,8512.6680,5194.5430,3318.1250,17353.0064
A,USD,STD,INDL,C,AMT,2010-12-31,105365,American Tower Corp,1404.1740,10368.0140,6863.4560,3504.5580,20587.6803
A,USD,STD,INDL,C,AMT,2011-12-31,105365,American Tower Corp,842.7710,12232.4300,8822.2880,3410.1420,23622.4564
A,USD,STD,INDL,C,AMT,2012-12-31,105365,American Tower Corp,829.5280,14089.1290,10404.9480,3684.1810,30528.6816
A,USD,STD,INDL,C,AMT,2013-12-31,105365,American Tower Corp,952.6560,20272.5710,16682.5310,3590.0400,31518.0445
A,USD,STD,INDL,C,AMT,2014-12-31,105365,American Tower Corp,947.9680,21331.5450,17278.1930,4053.3520,39213.6962
A,USD,STD,INDL,C,AMT,2015-12-31,105365,American Tower Corp,996.4680,26904.2720,20191.4540,6712.8180,41095.6508
A,USD,STD,INDL,C,AMT,2016-12-31,105365,American Tower Corp,1689.8700,30879.1500,22811.7300,6976.2000,45136.2450
A,USD,STD,INDL,C,AMT,2017-12-31,105365,American Tower Corp,2038.1000,33214.3000,25260.0000,6828.1000,61179.7494
A,USD,STD,INDL,C,AMT,2018-12-31,105365,American Tower Corp,2385.1000,33010.4000,26106.0000,5899.6000,69771.2814
A,USD,STD,INDL,C,AMT,2019-12-31,105365,American Tower Corp,2553.8000,42801.6000,36214.7000,5490.4000,101784.9798
A,USD,STD,FS,C,AMT,2020-12-31,105365,American Tower Corp,2905.6000,47233.5000,42453.0000,4568.4000,
A,USD,STD,INDL,C,AMT,2020-12-31,105365,American Tower Corp,2905.6000,47233.5000,42453.0000,4568.4000,
A,USD,STD,FS,C,AMT,2021-12-31,105365,American Tower Corp,3729.4000,69887.9000,60818.3000,9069.6000,
A,USD,STD,INDL,C,AMT,2021-12-31,105365,American Tower Corp,3729.4000,69887.9000,60818.3000,9069.6000,
A,USD,STD,FS,C,AMT,2022-12-31,105365,American Tower Corp,3622.3000,67194.5000,54786.0000,12408.5000,
A,USD,STD,INDL,C,AMT,2022-12-31,105365,American Tower Corp,3622.3000,67194.5000,54786.0000,12408.5000,
A,USD,STD,FS,C,AMT,2023-12-31,105365,American Tower Corp,3710.0000,66027.6000,55162.2000,10865.4000,
A,USD,STD,INDL,C,AMT,2023-12-31,105365,American Tower Corp,3710.0000,66027.6000,55162.2000,10865.4000,
A,USD,STD,FS,C,AMT,2024-12-31,105365,American Tower Corp,3178.8000,61077.4000,51428.7000,9648.7000,
A,USD,STD,INDL,C,AMT,2024-12-31,105365,American Tower Corp,3178.8000,61077.4000,51428.7000,9648.7000,
A,USD,STD,FS,C,AMT,2025-12-31,105365,American Tower Corp,2741.8000,63190.4000,52835.1000,10355.3000,81871.4513
A,USD,STD,INDL,C,AMT,2025-12-31,105365,American Tower Corp,2741.8000,63190.4000,52835.1000,10355.3000,81871.4513
A,USD,STD,INDL,C,CPT,1993-12-31,028629,Camden Property Trust,,304.3450,126.4110,177.9340,
A,USD,STD,INDL,C,CPT,1994-12-31,028629,Camden Property Trust,,504.2840,224.7300,279.5540,
A,USD,STD,INDL,C,CPT,1995-12-31,028629,Camden Property Trust,,582.3520,312.5730,269.7790,
A,USD,STD,INDL,C,CPT,1996-12-31,028629,Camden Property Trust,,603.5100,308.0820,295.4280,
A,USD,STD,INDL,C,CPT,1997-12-31,028629,Camden Property Trust,,1323.6200,549.7310,710.5640,
A,USD,STD,INDL,C,CPT,1998-12-31,028629,Camden Property Trust,,2347.9820,1105.8110,1170.3880,1152.3720
A,USD,STD,INDL,C,CPT,1999-12-31,028629,Camden Property Trust,,2487.9320,1274.4050,1016.6750,1099.5938
A,USD,STD,FS,C,CPT,2000-12-31,028629,Camden Property Trust,,2430.8810,1246.3210,,1303.2170
A,USD,STD,INDL,C,CPT,2000-12-31,028629,Camden Property Trust,,2430.8810,1246.3210,974.1830,1303.2170
A,USD,STD,FS,C,CPT,2001-12-31,028629,Camden Property Trust,,2449.6650,1325.3350,,1545.2168
A,USD,STD,INDL,C,CPT,2001-12-31,028629,Camden Property Trust,,2449.6650,1325.3350,918.2510,1545.2168
A,USD,STD,FS,C,CPT,2002-12-31,028629,Camden Property Trust,,2609.8990,1569.7170,,
A,USD,STD,INDL,C,CPT,2002-12-31,028629,Camden Property Trust,,2609.8990,1569.7170,839.4530,
A,USD,STD,FS,C,CPT,2003-12-31,028629,Camden Property Trust,,2625.5610,1644.2910,,
A,USD,STD,INDL,C,CPT,2003-12-31,028629,Camden Property Trust,,2625.5610,1644.2910,784.8850,
A,USD,STD,FS,C,CPT,2004-12-31,028629,Camden Property Trust,,2629.3640,1731.2820,,2478.6510
A,USD,STD,INDL,C,CPT,2004-12-31,028629,Camden Property Trust,,2629.3640,1731.2820,738.5150,2478.6510
A,USD,STD,FS,C,CPT,2005-12-31,028629,Camden Property Trust,,4487.7990,2895.8730,,3519.3930
A,USD,STD,INDL,C,CPT,2005-12-31,028629,Camden Property Trust,,4487.7990,2895.8730,1370.9030,3519.3930
A,USD,STD,FS,C,CPT,2006-12-31,028629,Camden Property Trust,,4586.0500,2628.1830,,4800.6931
A,USD,STD,INDL,C,CPT,2006-12-31,028629,Camden Property Trust,,4586.0500,2628.1830,1734.3560,4800.6931
A,USD,STD,FS,C,CPT,2007-12-31,028629,Camden Property Trust,,4890.7600,3139.4950,,3150.6471
A,USD,STD,INDL,C,CPT,2007-12-31,028629,Camden Property Trust,,4890.7600,3139.4950,1531.3130,3150.6471
A,USD,STD,FS,C,CPT,2008-12-31,028629,Camden Property Trust,,4730.3420,3131.0610,,2069.3175
A,USD,STD,INDL,C,CPT,2008-12-31,028629,Camden Property Trust,,4730.3420,3131.0610,1411.4940,2069.3175
A,USD,STD,FS,C,CPT,2009-12-31,028629,Camden Property Trust,,4607.9990,2901.0610,1609.0130,2823.7910
A,USD,STD,INDL,C,CPT,2009-12-31,028629,Camden Property Trust,,4607.9990,2901.0610,1609.0130,2823.7910
A,USD,STD,FS,C,CPT,2010-12-31,028629,Camden Property Trust,,4699.7370,2844.4390,1757.3730,3906.2087
A,USD,STD,INDL,C,CPT,2010-12-31,028629,Camden Property Trust,,4699.7370,2844.4390,1757.3730,3906.2087
A,USD,STD,FS,C,CPT,2011-12-31,028629,Camden Property Trust,,4622.0750,2696.3820,1827.7680,4659.7843
A,USD,STD,INDL,C,CPT,2011-12-31,028629,Camden Property Trust,,4622.0750,2696.3820,1827.7680,4659.7843
A,USD,STD,FS,C,CPT,2012-12-31,028629,Camden Property Trust,,5385.1720,2758.4640,2626.7080,5957.1204
A,USD,STD,INDL,C,CPT,2012-12-31,028629,Camden Property Trust,,5385.1720,2758.4640,2626.7080,5957.1204
A,USD,STD,FS,C,CPT,2013-12-31,028629,Camden Property Trust,,5632.1410,2871.9600,2760.1810,5498.0208
A,USD,STD,INDL,C,CPT,2013-12-31,028629,Camden Property Trust,,5632.1410,2871.9600,2760.1810,5498.0208
A,USD,STD,FS,C,CPT,2014-12-31,028629,Camden Property Trust,,6056.9070,3168.4980,2888.4090,7207.0794
A,USD,STD,INDL,C,CPT,2014-12-31,028629,Camden Property Trust,,6056.9070,3168.4980,2888.4090,7207.0794
A,USD,STD,FS,C,CPT,2015-12-31,028629,Camden Property Trust,,6037.6120,3144.7160,2892.8960,7489.5500
A,USD,STD,INDL,C,CPT,2015-12-31,028629,Camden Property Trust,,6037.6120,3144.7160,2892.8960,7489.5500
A,USD,STD,FS,C,CPT,2016-12-31,028629,Camden Property Trust,,6028.1520,2932.5990,3095.5530,8223.5593
A,USD,STD,INDL,C,CPT,2016-12-31,028629,Camden Property Trust,,6028.1520,2932.5990,3095.5530,8223.5593
A,USD,STD,FS,C,CPT,2017-12-31,028629,Camden Property Trust,,6173.7480,2689.0340,3484.7140,9460.9141
A,USD,STD,INDL,C,CPT,2017-12-31,028629,Camden Property Trust,,6173.7480,2689.0340,3484.7140,9460.9141
A,USD,STD,FS,C,CPT,2018-12-31,028629,Camden Property Trust,,6219.5860,2834.4820,3385.1040,9076.1940
A,USD,STD,INDL,C,CPT,2018-12-31,028629,Camden Property Trust,,6219.5860,2834.4820,3385.1040,9076.1940
A,USD,STD,FS,C,CPT,2019-12-31,028629,Camden Property Trust,,6748.5040,3046.7800,3701.7240,11339.7558
A,USD,STD,INDL,C,CPT,2019-12-31,028629,Camden Property Trust,,6748.5040,3046.7800,3701.7240,11339.7558
A,USD,STD,FS,C,CPT,2020-12-31,028629,Camden Property Trust,,7198.9520,3682.3650,3516.5870,
A,USD,STD,INDL,C,CPT,2020-12-31,028629,Camden Property Trust,,7198.9520,3682.3650,3516.5870,
A,USD,STD,FS,C,CPT,2021-12-31,028629,Camden Property Trust,,7976.7840,3710.5290,4266.2550,
A,USD,STD,INDL,C,CPT,2021-12-31,028629,Camden Property Trust,,7976.7840,3710.5290,4266.2550,
A,USD,STD,FS,C,CPT,2022-12-31,028629,Camden Property Trust,,9327.9350,4271.0140,5056.9210,
A,USD,STD,INDL,C,CPT,2022-12-31,028629,Camden Property Trust,,9327.9350,4271.0140,5056.9210,
A,USD,STD,FS,C,CPT,2023-12-31,028629,Camden Property Trust,,9383.7370,4331.9660,5051.7710,
A,USD,STD,INDL,C,CPT,2023-12-31,028629,Camden Property Trust,,9383.7370,4331.9660,5051.7710,
A,USD,STD,FS,C,CPT,2024-12-31,028629,Camden Property Trust,,8852.1440,4104.9550,4747.1890,
A,USD,STD,INDL,C,CPT,2024-12-31,028629,Camden Property Trust,,8852.1440,4104.9550,4747.1890,
A,USD,STD,FS,C,CPT,2025-12-31,028629,Camden Property Trust,,9042.9890,4604.7360,4438.2530,12737.5770
A,USD,STD,INDL,C,CPT,2025-12-31,028629,Camden Property Trust,,9042.9890,4604.7360,4438.2530,12737.5770
A,USD,STD,INDL,C,EQIX,1999-12-31,138743,Equinix Inc,249.8590,319.9460,214.2470,105.6990,
A,USD,STD,INDL,C,EQIX,2000-12-31,138743,Equinix Inc,237.9760,683.4850,308.3690,375.1160,336.7831
A,USD,STD,INDL,C,EQIX,2001-12-31,138743,Equinix Inc,103.2180,575.0540,371.5330,203.5210,232.2436
A,USD,STD,INDL,C,EQIX,2002-12-31,138743,Equinix Inc,63.4950,492.0030,207.8090,284.1940,48.1593
A,USD,STD,INDL,C,EQIX,2003-12-31,138743,Equinix Inc,86.2880,464.5320,144.4550,320.0770,425.5196
A,USD,STD,INDL,C,EQIX,2004-12-31,138743,Equinix Inc,107.0820,501.7980,228.0920,273.7060,812.0173
A,USD,STD,INDL,C,EQIX,2005-12-31,138743,Equinix Inc,191.7120,680.9970,392.3240,288.6730,1118.6582
A,USD,STD,INDL,C,EQIX,2006-12-31,138743,Equinix Inc,166.2610,771.8320,416.8040,355.0280,2232.0755
A,USD,STD,INDL,C,EQIX,2007-12-31,138743,Equinix Inc,426.7610,2181.8680,1367.4360,814.4320,3695.2203
A,USD,STD,INDL,C,EQIX,2008-12-31,138743,Equinix Inc,379.5110,2448.2660,1555.5510,892.7150,2007.6566
A,USD,STD,INDL,C,EQIX,2009-12-31,138743,Equinix Inc,727.8870,3038.1500,1855.6670,1182.4830,4173.2873
A,USD,STD,INDL,C,EQIX,2010-12-31,138743,Equinix Inc,778.0480,4448.0090,2567.4940,1880.5150,3751.5304
A,USD,STD,INDL,C,EQIX,2011-12-31,138743,Equinix Inc,1235.7570,5785.3240,3765.5110,1952.2120,4732.4394
A,USD,STD,INDL,C,EQIX,2012-12-31,138743,Equinix Inc,639.7510,6132.9640,3713.5130,2335.2730,10057.6112
A,USD,STD,INDL,C,EQIX,2013-12-31,138743,Equinix Inc,888.6600,7492.3590,4909.3930,2459.0640,8799.5681
A,USD,STD,INDL,C,EQIX,2014-12-31,138743,Equinix Inc,1490.9430,7817.4330,5547.3020,2270.1310,12799.1352
A,USD,STD,INDL,C,EQIX,2015-12-31,138743,Equinix Inc,3259.2800,10356.6950,7611.3090,2745.3860,18779.0400
A,USD,STD,INDL,C,EQIX,2016-12-31,138743,Equinix Inc,1467.5260,12608.3710,8242.5420,4365.8290,25522.2907
A,USD,STD,INDL,C,EQIX,2017-12-31,138743,Equinix Inc,2249.1280,18691.4570,11841.6670,6849.7900,35821.6024
A,USD,STD,INDL,C,EQIX,2018-12-31,138743,Equinix Inc,1515.6820,20244.6380,13025.3590,7219.2790,28459.3483
A,USD,STD,INDL,C,EQIX,2019-12-31,138743,Equinix Inc,2872.6160,23965.6150,15125.2330,8840.3820,49794.2796
A,USD,STD,INDL,C,EQIX,2020-12-31,138743,Equinix Inc,2609.1550,27006.8410,16372.7230,10634.1180,63657.7201
A,USD,STD,INDL,C,EQIX,2021-12-31,138743,Equinix Inc,2957.1010,27918.6980,17036.9340,10881.7640,76608.5746
A,USD,STD,INDL,C,EQIX,2022-12-31,138743,Equinix Inc,3305.2550,30310.7420,18804.9100,11505.8320,60669.5336
A,USD,STD,INDL,C,EQIX,2023-12-31,138743,Equinix Inc,3567.6970,32650.7240,20137.2250,12488.4990,76092.4418
A,USD,STD,INDL,C,EQIX,2024-12-31,138743,Equinix Inc,5447.0000,35085.0000,21533.0000,13527.0000,91730.9394
A,USD,STD,INDL,C,EQIX,2025-12-31,138743,Equinix Inc,5125.0000,40141.0000,25963.0000,14153.0000,75256.8322
A,USD,STD,INDL,C,ESS,1993-12-31,030293,Essex Property Trust Inc.,,171.2870,162.0110,7.7720,
A,USD,STD,INDL,C,ESS,1994-12-31,030293,Essex Property Trust Inc.,,269.0650,157.8180,84.6990,
A,USD,STD,INDL,C,ESS,1995-12-31,030293,Essex Property Trust Inc.,,273.6600,162.5080,84.7290,
A,USD,STD,INDL,C,ESS,1996-12-31,030293,Essex Property Trust Inc.,,417.1740,169.0860,222.8070,
A,USD,STD,FS,C,ESS,1997-12-31,030293,Essex Property Trust Inc.,,738.8350,311.3310,,
A,USD,STD,INDL,C,ESS,1997-12-31,030293,Essex Property Trust Inc.,,738.8350,311.3310,398.9150,
A,USD,STD,FS,C,ESS,1998-12-31,030293,Essex Property Trust Inc.,,931.7960,411.5640,,495.0698
A,USD,STD,INDL,C,ESS,1998-12-31,030293,Essex Property Trust Inc.,,931.7960,411.5640,389.8000,495.0698
A,USD,STD,FS,C,ESS,1999-12-31,030293,Essex Property Trust Inc.,,1062.3130,436.3310,,613.7000
A,USD,STD,INDL,C,ESS,1999-12-31,030293,Essex Property Trust Inc.,,1062.3130,436.3310,387.6930,613.7000
A,USD,STD,FS,C,ESS,2000-12-31,030293,Essex Property Trust Inc.,,1281.8490,652.0440,,1008.3308
A,USD,STD,INDL,C,ESS,2000-12-31,030293,Essex Property Trust Inc.,,1281.8490,652.0440,391.6750,1008.3308
A,USD,STD,FS,C,ESS,2001-12-31,030293,Essex Property Trust Inc.,,1329.4580,691.3790,,910.5275
A,USD,STD,INDL,C,ESS,2001-12-31,030293,Essex Property Trust Inc.,,1329.4580,691.3790,386.5990,910.5275
A,USD,STD,FS,C,ESS,2002-12-31,030293,Essex Property Trust Inc.,,1619.7340,865.8900,,1066.9856
A,USD,STD,INDL,C,ESS,2002-12-31,030293,Essex Property Trust Inc.,,1619.7340,865.8900,491.3140,1066.9856
A,USD,STD,FS,C,ESS,2003-12-31,030293,Essex Property Trust Inc.,,1728.5640,895.0640,,1465.8857
A,USD,STD,INDL,C,ESS,2003-12-31,030293,Essex Property Trust Inc.,,1728.5640,895.0640,589.7010,1465.8857
A,USD,STD,FS,C,ESS,2004-12-31,030293,Essex Property Trust Inc.,,2217.2170,1385.8100,,1930.2492
A,USD,STD,INDL,C,ESS,2004-12-31,030293,Essex Property Trust Inc.,,2217.2170,1385.8100,591.2770,1930.2492
A,USD,STD,FS,C,ESS,2005-12-31,030293,Essex Property Trust Inc.,,2239.2900,1425.1090,,2106.8622
A,USD,STD,INDL,C,ESS,2005-12-31,030293,Essex Property Trust Inc.,,2239.2900,1425.1090,580.9670,2106.8622
A,USD,STD,FS,C,ESS,2006-12-31,030293,Essex Property Trust Inc.,,2485.8400,1491.5990,,3026.5180
A,USD,STD,INDL,C,ESS,2006-12-31,030293,Essex Property Trust Inc.,,2485.8400,1491.5990,758.1210,3026.5180
A,USD,STD,FS,C,ESS,2007-12-31,030293,Essex Property Trust Inc.,,2980.3230,1762.1330,,2425.2587
A,USD,STD,INDL,C,ESS,2007-12-31,030293,Essex Property Trust Inc.,,2980.3230,1762.1330,936.2300,2425.2587
A,USD,STD,FS,C,ESS,2008-12-31,030293,Essex Property Trust Inc.,,3164.8230,1939.1720,,2025.8930
A,USD,STD,INDL,C,ESS,2008-12-31,030293,Essex Property Trust Inc.,,3164.8230,1939.1720,990.8300,2025.8930
A,USD,STD,FS,C,ESS,2009-12-31,030293,Essex Property Trust Inc.,,3254.6370,1976.7470,1277.8900,2413.3025
A,USD,STD,INDL,C,ESS,2009-12-31,030293,Essex Property Trust Inc.,,3254.6370,1976.7470,1277.8900,2413.3025
A,USD,STD,FS,C,ESS,2010-12-31,030293,Essex Property Trust Inc.,,3732.8870,2373.5240,1359.3630,3577.9415
A,USD,STD,INDL,C,ESS,2010-12-31,030293,Essex Property Trust Inc.,,3732.8870,2373.5240,1359.3630,3577.9415
A,USD,STD,FS,C,ESS,2011-12-31,030293,Essex Property Trust Inc.,,4036.9640,2478.8870,1558.0770,4761.6029
A,USD,STD,INDL,C,ESS,2011-12-31,030293,Essex Property Trust Inc.,,4036.9640,2478.8870,1558.0770,4761.6029
A,USD,STD,FS,C,ESS,2012-12-31,030293,Essex Property Trust Inc.,,4847.2230,2962.7580,1884.4650,5344.3660
A,USD,STD,INDL,C,ESS,2012-12-31,030293,Essex Property Trust Inc.,,4847.2230,2962.7580,1884.4650,5344.3660
A,USD,STD,FS,C,ESS,2013-12-31,030293,Essex Property Trust Inc.,,5186.8390,3184.2520,2002.5870,5370.2877
A,USD,STD,INDL,C,ESS,2013-12-31,030293,Essex Property Trust Inc.,,5186.8390,3184.2520,2002.5870,5370.2877
A,USD,STD,FS,C,ESS,2014-12-31,030293,Essex Property Trust Inc.,,11562.8740,5403.5500,6136.0680,13156.9078
A,USD,STD,INDL,C,ESS,2014-12-31,030293,Essex Property Trust Inc.,,11562.8740,5403.5500,6136.0680,13156.9078
A,USD,STD,FS,C,ESS,2015-12-31,030293,Essex Property Trust Inc.,,12005.0910,5622.6160,6337.0230,15652.3864
A,USD,STD,INDL,C,ESS,2015-12-31,030293,Essex Property Trust Inc.,,12005.0910,5622.6160,6337.0230,15652.3864
A,USD,STD,FS,C,ESS,2016-12-31,030293,Essex Property Trust Inc.,,12217.4080,5880.4870,6292.2370,15235.2600
A,USD,STD,INDL,C,ESS,2016-12-31,030293,Essex Property Trust Inc.,,12217.4080,5880.4870,6292.2370,15235.2600
A,USD,STD,FS,C,ESS,2017-12-31,030293,Essex Property Trust Inc.,,12495.7060,6059.6750,6396.8250,15943.4540
A,USD,STD,INDL,C,ESS,2017-12-31,030293,Essex Property Trust Inc.,,12495.7060,6059.6750,6396.8250,15943.4540
A,USD,STD,FS,C,ESS,2018-12-31,030293,Essex Property Trust Inc.,,12383.5960,5954.2770,6393.8440,16156.8869
A,USD,STD,INDL,C,ESS,2018-12-31,030293,Essex Property Trust Inc.,,12383.5960,5954.2770,6393.8440,16156.8869
A,USD,STD,FS,C,ESS,2019-12-31,030293,Essex Property Trust Inc.,,12705.4050,6264.4910,6403.5040,19884.4391
A,USD,STD,INDL,C,ESS,2019-12-31,030293,Essex Property Trust Inc.,,12705.4050,6264.4910,6403.5040,19884.4391
A,USD,STD,FS,C,ESS,2020-12-31,030293,Essex Property Trust Inc.,,12936.1770,6720.7460,6183.1920,15432.0626
A,USD,STD,INDL,C,ESS,2020-12-31,030293,Essex Property Trust Inc.,,12936.1770,6720.7460,6183.1920,15432.0626
A,USD,STD,FS,C,ESS,2021-12-31,030293,Essex Property Trust Inc.,,12997.8730,6786.6990,6176.5080,
A,USD,STD,INDL,C,ESS,2021-12-31,030293,Essex Property Trust Inc.,,12997.8730,6786.6990,6176.5080,
A,USD,STD,FS,C,ESS,2022-12-31,030293,Essex Property Trust Inc.,,12372.9050,6450.6390,5895.1160,
A,USD,STD,INDL,C,ESS,2022-12-31,030293,Essex Property Trust Inc.,,12372.9050,6450.6390,5895.1160,
A,USD,STD,FS,C,ESS,2023-12-31,030293,Essex Property Trust Inc.,,12361.4270,6735.2440,5593.9780,
A,USD,STD,INDL,C,ESS,2023-12-31,030293,Essex Property Trust Inc.,,12361.4270,6735.2440,5593.9780,
A,USD,STD,FS,C,ESS,2024-12-31,030293,Essex Property Trust Inc.,,12927.3590,7176.1200,5720.3900,18348.0832
A,USD,STD,INDL,C,ESS,2024-12-31,030293,Essex Property Trust Inc.,,12927.3590,7176.1200,5720.3900,18348.0832
A,USD,STD,FS,C,ESS,2025-12-31,030293,Essex Property Trust Inc.,,13159.0090,7422.1140,5708.6320,16863.1826
A,USD,STD,INDL,C,ESS,2025-12-31,030293,Essex Property Trust Inc.,,13159.0090,7422.1140,5708.6320,16863.1826
A,USD,STD,INDL,C,INVH,2014-12-31,030004,Invitation Homes Inc,,9199.6530,6743.0520,2456.6010,
A,USD,STD,INDL,C,INVH,2015-12-31,030004,Invitation Homes Inc,,9796.9780,7909.9470,1887.0310,
A,USD,STD,INDL,C,INVH,2016-12-31,030004,Invitation Homes Inc,,9732.3510,7774.9280,1957.4230,
A,USD,STD,INDL,C,INVH,2017-12-31,030004,Invitation Homes Inc,,18683.6380,10033.7630,8649.8750,12236.9076
A,USD,STD,INDL,C,INVH,2018-12-31,030004,Invitation Homes Inc,,18063.4280,9694.2420,8369.1860,10454.6118
A,USD,STD,INDL,C,INVH,2019-12-31,030004,Invitation Homes Inc,,17392.9100,9126.8320,8266.0780,16233.0407
A,USD,STD,FS,C,INVH,2020-12-31,030004,Invitation Homes Inc,,17506.2220,8950.1490,8556.0730,
A,USD,STD,INDL,C,INVH,2020-12-31,030004,Invitation Homes Inc,,17506.2220,8950.1490,8556.0730,
A,USD,STD,FS,C,INVH,2021-12-31,030004,Invitation Homes Inc,,18537.8460,8699.0420,9838.8040,
A,USD,STD,INDL,C,INVH,2021-12-31,030004,Invitation Homes Inc,,18537.8460,8699.0420,9838.8040,
A,USD,STD,FS,C,INVH,2022-12-31,030004,Invitation Homes Inc,,18536.7080,8213.0770,10323.6310,18122.2220
A,USD,STD,INDL,C,INVH,2022-12-31,030004,Invitation Homes Inc,,18536.7080,8213.0770,10323.6310,18122.2220
A,USD,STD,FS,C,INVH,2023-12-31,030004,Invitation Homes Inc,,19220.9670,9030.5320,10190.4350,20873.8874
A,USD,STD,INDL,C,INVH,2023-12-31,030004,Invitation Homes Inc,,19220.9670,9030.5320,10190.4350,20873.8874
A,USD,STD,FS,C,INVH,2024-12-31,030004,Invitation Homes Inc,,18700.9510,8908.4420,9792.5090,19584.9819
A,USD,STD,INDL,C,INVH,2024-12-31,030004,Invitation Homes Inc,,18700.9510,8908.4420,9792.5090,19584.9819
A,USD,STD,FS,C,INVH,2025-12-31,030004,Invitation Homes Inc,,18680.2900,9112.3980,9567.8920,16973.8263
A,USD,STD,INDL,C,INVH,2025-12-31,030004,Invitation Homes Inc,,18680.2900,9112.3980,9567.8920,16973.8263
A,USD,STD,FS,C,MAA,2003-12-31,029649,Mid-America Apartment Communities Inc,,1406.5330,1013.2200,,
A,USD,STD,INDL,C,MAA,1995-12-31,029649,Mid-America Apartment Communities Inc,,565.2670,321.9400,,
A,USD,STD,INDL,C,MAA,1996-12-31,029649,Mid-America Apartment Communities Inc,,611.1990,330.5770,,
A,USD,STD,INDL,C,MAA,1997-12-31,029649,Mid-America Apartment Communities Inc,,1194.0700,669.7050,,
A,USD,STD,INDL,C,MAA,1998-12-31,029649,Mid-America Apartment Communities Inc,,1366.4270,787.6870,,428.3400
A,USD,STD,INDL,C,MAA,1999-12-31,029649,Mid-America Apartment Communities Inc,,1298.8230,778.8790,,398.5620
A,USD,STD,FS,C,MAA,2000-12-31,029649,Mid-America Apartment Communities Inc,,1303.7710,818.3950,,395.0017
A,USD,STD,INDL,C,MAA,2000-12-31,029649,Mid-America Apartment Communities Inc,,1303.7710,818.3950,,395.0017
A,USD,STD,FS,C,MAA,2001-12-31,029649,Mid-America Apartment Communities Inc,,1263.4880,821.2280,,459.0139
A,USD,STD,INDL,C,MAA,2001-12-31,029649,Mid-America Apartment Communities Inc,,1263.4880,821.2280,,459.0139
A,USD,STD,FS,C,MAA,2002-12-31,029649,Mid-America Apartment Communities Inc,,1239.4670,867.8910,,436.1880
A,USD,STD,INDL,C,MAA,2002-12-31,029649,Mid-America Apartment Communities Inc,,1239.4670,867.8910,,436.1880
A,USD,STD,INDL,C,MAA,1993-12-31,029649,Mid-America Apartment Communities Inc,,104.4390,109.1230,,
A,USD,STD,INDL,C,MAA,1994-12-31,029649,Mid-America Apartment Communities Inc,,439.2330,243.1390,,
A,USD,STD,INDL,C,MAA,2003-12-31,029649,Mid-America Apartment Communities Inc,,1406.5330,1013.2200,,
A,USD,STD,FS,C,MAA,2004-12-31,029649,Mid-America Apartment Communities Inc,,1522.3070,1133.6060,,859.7255
A,USD,STD,INDL,C,MAA,2004-12-31,029649,Mid-America Apartment Communities Inc,,1522.3070,1133.6060,,859.7255
A,USD,STD,FS,C,MAA,2005-12-31,029649,Mid-America Apartment Communities Inc,,1570.4570,1178.1330,,1069.3280
A,USD,STD,INDL,C,MAA,2005-12-31,029649,Mid-America Apartment Communities Inc,,1570.4570,1178.1330,,1069.3280
A,USD,STD,FS,C,MAA,2006-12-31,029649,Mid-America Apartment Communities Inc,,1746.6460,1264.9800,,
A,USD,STD,INDL,C,MAA,2006-12-31,029649,Mid-America Apartment Communities Inc,,1746.6460,1264.9800,,
A,USD,STD,FS,C,MAA,2007-12-31,029649,Mid-America Apartment Communities Inc,,1783.8220,1353.9980,,
A,USD,STD,INDL,C,MAA,2007-12-31,029649,Mid-America Apartment Communities Inc,,1783.8220,1353.9980,400.9560,
A,USD,STD,FS,C,MAA,2008-12-31,029649,Mid-America Apartment Communities Inc,,1921.9550,1479.3380,,1048.8410
A,USD,STD,INDL,C,MAA,2008-12-31,029649,Mid-America Apartment Communities Inc,,1921.9550,1479.3380,412.1460,1048.8410
A,USD,STD,FS,C,MAA,2009-12-31,029649,Mid-America Apartment Communities Inc,,1986.8260,1533.6000,453.2260,
A,USD,STD,INDL,C,MAA,2009-12-31,029649,Mid-America Apartment Communities Inc,,1986.8260,1533.6000,453.2260,
A,USD,STD,FS,C,MAA,2010-12-31,029649,Mid-America Apartment Communities Inc,,2176.0480,1635.4200,540.6280,2213.9598
A,USD,STD,INDL,C,MAA,2010-12-31,029649,Mid-America Apartment Communities Inc,,2176.0480,1635.4200,540.6280,2213.9598
A,USD,STD,FS,C,MAA,2011-12-31,029649,Mid-America Apartment Communities Inc,,2530.4680,1782.9690,747.4990,2436.8855
A,USD,STD,INDL,C,MAA,2011-12-31,029649,Mid-America Apartment Communities Inc,,2530.4680,1782.9690,747.4990,2436.8855
A,USD,STD,FS,C,MAA,2012-12-31,029649,Mid-America Apartment Communities Inc,,2751.0680,1801.2450,949.8230,2739.9610
A,USD,STD,INDL,C,MAA,2012-12-31,029649,Mid-America Apartment Communities Inc,,2751.0680,1801.2450,949.8230,2739.9610
A,USD,STD,FS,C,MAA,2013-12-31,029649,Mid-America Apartment Communities Inc,,6841.9250,3723.3380,3118.5870,
A,USD,STD,INDL,C,MAA,2013-12-31,029649,Mid-America Apartment Communities Inc,,6841.9250,3723.3380,3118.5870,
A,USD,STD,FS,C,MAA,2014-12-31,029649,Mid-America Apartment Communities Inc,,6831.0280,3773.3060,3057.7220,
A,USD,STD,INDL,C,MAA,2014-12-31,029649,Mid-America Apartment Communities Inc,,6831.0280,3773.3060,3057.7220,
A,USD,STD,FS,C,MAA,2015-12-31,029649,Mid-America Apartment Communities Inc,,6847.7810,3681.7080,3166.0730,
A,USD,STD,INDL,C,MAA,2015-12-31,029649,Mid-America Apartment Communities Inc,,6847.7810,3681.7080,3166.0730,
A,USD,STD,FS,C,MAA,2016-12-31,029649,Mid-America Apartment Communities Inc,,11604.4910,4952.3170,6652.1740,
A,USD,STD,INDL,C,MAA,2016-12-31,029649,Mid-America Apartment Communities Inc,,11604.4910,4952.3170,6652.1740,
A,USD,STD,FS,C,MAA,2017-12-31,029649,Mid-America Apartment Communities Inc,,11491.9190,4907.6170,6584.3020,11427.9401
A,USD,STD,INDL,C,MAA,2017-12-31,029649,Mid-America Apartment Communities Inc,,11491.9190,4907.6170,6584.3020,11427.9401
A,USD,STD,FS,C,MAA,2018-12-31,029649,Mid-America Apartment Communities Inc,,11323.7810,4942.1780,6381.6030,10894.9665
A,USD,STD,INDL,C,MAA,2018-12-31,029649,Mid-America Apartment Communities Inc,,11323.7810,4942.1780,6381.6030,10894.9665
A,USD,STD,FS,C,MAA,2019-12-31,029649,Mid-America Apartment Communities Inc,,11230.4500,4926.8600,6303.5900,
A,USD,STD,INDL,C,MAA,2019-12-31,029649,Mid-America Apartment Communities Inc,,11230.4500,4926.8600,6303.5900,
A,USD,STD,FS,C,MAA,2020-12-31,029649,Mid-America Apartment Communities Inc,,11194.7910,5090.9860,6103.8050,
A,USD,STD,INDL,C,MAA,2020-12-31,029649,Mid-America Apartment Communities Inc,,11194.7910,5090.9860,6103.8050,
A,USD,STD,FS,C,MAA,2021-12-31,029649,Mid-America Apartment Communities Inc,,11285.1820,5101.0900,6184.0920,
A,USD,STD,INDL,C,MAA,2021-12-31,029649,Mid-America Apartment Communities Inc,,11285.1820,5101.0900,6184.0920,
A,USD,STD,FS,C,MAA,2022-12-31,029649,Mid-America Apartment Communities Inc,,11241.1650,5030.7460,6210.4190,18129.2052
A,USD,STD,INDL,C,MAA,2022-12-31,029649,Mid-America Apartment Communities Inc,,11241.1650,5030.7460,6210.4190,18129.2052
A,USD,STD,FS,C,MAA,2023-12-31,029649,Mid-America Apartment Communities Inc,,11484.5030,5185.3810,6299.1220,15690.6752
A,USD,STD,INDL,C,MAA,2023-12-31,029649,Mid-America Apartment Communities Inc,,11484.5030,5185.3810,6299.1220,15690.6752
A,USD,STD,FS,C,MAA,2024-12-31,029649,Mid-America Apartment Communities Inc,,11812.3690,5664.7050,6147.6640,18066.6053
A,USD,STD,INDL,C,MAA,2024-12-31,029649,Mid-America Apartment Communities Inc,,11812.3690,5664.7050,6147.6640,18066.6053
A,USD,STD,FS,C,MAA,2025-12-31,029649,Mid-America Apartment Communities Inc,,11975.3830,6135.7380,5839.6450,16235.5230
A,USD,STD,INDL,C,MAA,2025-12-31,029649,Mid-America Apartment Communities Inc,,11975.3830,6135.7380,5839.6450,16235.5230
A,USD,STD,INDL,C,PLD,1993-12-31,029984,Prologis Inc,,401.8550,141.6180,,
A,USD,STD,INDL,C,PLD,1994-12-31,029984,Prologis Inc,,1194.9370,350.6070,,
A,USD,STD,INDL,C,PLD,1995-12-31,029984,Prologis Inc,,1833.9720,639.0400,,
A,USD,STD,INDL,C,PLD,1996-12-31,029984,Prologis Inc,,2462.3060,805.9330,,
A,USD,STD,INDL,C,PLD,1997-12-31,029984,Prologis Inc,,3033.9530,1003.9120,,
A,USD,STD,FS,C,PLD,1998-12-31,029984,Prologis Inc,,4330.7290,2023.0660,,2560.8820
A,USD,STD,INDL,C,PLD,1998-12-31,029984,Prologis Inc,,4330.7290,2023.0660,,2560.8820
A,USD,STD,FS,C,PLD,1999-12-31,029984,Prologis Inc,,5848.0400,2832.2320,,3115.1313
A,USD,STD,INDL,C,PLD,1999-12-31,029984,Prologis Inc,,5848.0400,2832.2320,,3115.1313
A,USD,STD,FS,C,PLD,2000-12-31,029984,Prologis Inc,,5946.3340,2972.3330,,3677.6358
A,USD,STD,INDL,C,PLD,2000-12-31,029984,Prologis Inc,,5946.3340,2972.3330,,3677.6358
A,USD,STD,FS,C,PLD,2001-12-31,029984,Prologis Inc,,5603.9410,2882.3030,,3783.3509
A,USD,STD,INDL,C,PLD,2001-12-31,029984,Prologis Inc,,5603.9410,2882.3030,,3783.3509
A,USD,STD,FS,C,PLD,2002-12-31,029984,Prologis Inc,,5923.5250,2994.5710,,4480.3719
A,USD,STD,INDL,C,PLD,2002-12-31,029984,Prologis Inc,,5923.5250,2994.5710,,4480.3719
A,USD,STD,FS,C,PLD,2003-12-31,029984,Prologis Inc,,6369.2020,3270.7570,,
A,USD,STD,INDL,C,PLD,2003-12-31,029984,Prologis Inc,,6369.2020,3270.7570,,
A,USD,STD,FS,C,PLD,2004-12-31,029984,Prologis Inc,,7097.7990,3929.0330,,
A,USD,STD,INDL,C,PLD,2004-12-31,029984,Prologis Inc,,7097.7990,3929.0330,,
A,USD,STD,FS,C,PLD,2005-12-31,029984,Prologis Inc,,13114.0960,7567.4290,,
A,USD,STD,INDL,C,PLD,2005-12-31,029984,Prologis Inc,,13114.0960,7567.4290,,
A,USD,STD,FS,C,PLD,2006-12-31,029984,Prologis Inc,,15903.5250,9452.6780,,
A,USD,STD,INDL,C,PLD,2006-12-31,029984,Prologis Inc,,15903.5250,9452.6780,,
A,USD,STD,FS,C,PLD,2007-12-31,029984,Prologis Inc,,19724.0340,12208.9750,,
A,USD,STD,INDL,C,PLD,2007-12-31,029984,Prologis Inc,,19724.0340,12208.9750,,
A,USD,STD,FS,C,PLD,2008-12-31,029984,Prologis Inc,,19252.2160,12807.6260,,3708.6995
A,USD,STD,INDL,C,PLD,2008-12-31,029984,Prologis Inc,,19252.2160,12807.6260,6424.7120,3708.6995
A,USD,STD,FS,C,PLD,2009-12-31,029984,Prologis Inc,,16885.4150,8878.1290,8007.2860,
A,USD,STD,INDL,C,PLD,2009-12-31,029984,Prologis Inc,,16885.4150,8878.1290,8007.2860,
A,USD,STD,FS,C,PLD,2010-12-31,029984,Prologis Inc,,14902.6670,7382.3120,7520.3550,
A,USD,STD,INDL,C,PLD,2010-12-31,029984,Prologis Inc,,14902.6670,7382.3120,7520.3550,
A,USD,STD,FS,C,PLD,2011-12-31,029984,Prologis Inc,,27723.9120,13268.4380,14455.4740,13111.2882
A,USD,STD,INDL,C,PLD,2011-12-31,029984,Prologis Inc,,27723.9120,13268.4380,14455.4740,13111.2882
A,USD,STD,FS,C,PLD,2012-12-31,029984,Prologis Inc,,27310.1450,13536.8090,13773.3360,
A,USD,STD,INDL,C,PLD,2012-12-31,029984,Prologis Inc,,27310.1450,13536.8090,13773.3360,
A,USD,STD,FS,C,PLD,2013-12-31,029984,Prologis Inc,,24572.3070,10395.8540,14176.4530,
A,USD,STD,INDL,C,PLD,2013-12-31,029984,Prologis Inc,,24572.3070,10395.8540,14176.4530,
A,USD,STD,FS,C,PLD,2014-12-31,029984,Prologis Inc,,25818.2230,10634.6240,15183.5990,
A,USD,STD,INDL,C,PLD,2014-12-31,029984,Prologis Inc,,25818.2230,10634.6240,15183.5990,
A,USD,STD,FS,C,PLD,2015-12-31,029984,Prologis Inc,,31394.7670,12973.9310,18420.8360,
A,USD,STD,INDL,C,PLD,2015-12-31,029984,Prologis Inc,,31394.7670,12973.9310,18420.8360,
A,USD,STD,FS,C,PLD,2016-12-31,029984,Prologis Inc,,30249.9320,11791.7920,18458.1400,
A,USD,STD,INDL,C,PLD,2016-12-31,029984,Prologis Inc,,30249.9320,11791.7920,18458.1400,
A,USD,STD,FS,C,PLD,2017-12-31,029984,Prologis Inc,,29481.0750,10775.3340,18705.7410,
A,USD,STD,INDL,C,PLD,2017-12-31,029984,Prologis Inc,,29481.0750,10775.3340,18705.7410,
A,USD,STD,FS,C,PLD,2018-12-31,029984,Prologis Inc,,38417.6640,12616.7760,25800.8880,
A,USD,STD,INDL,C,PLD,2018-12-31,029984,Prologis Inc,,38417.6640,12616.7760,25800.8880,
A,USD,STD,FS,C,PLD,2019-12-31,029984,Prologis Inc,,40031.8500,13960.0660,26071.7840,
A,USD,STD,INDL,C,PLD,2019-12-31,029984,Prologis Inc,,40031.8500,13960.0660,26071.7840,
A,USD,STD,FS,C,PLD,2020-12-31,029984,Prologis Inc,,56065.0050,19740.4250,36324.5800,
A,USD,STD,INDL,C,PLD,2020-12-31,029984,Prologis Inc,,56065.0050,19740.4250,36324.5800,
A,USD,STD,FS,C,PLD,2021-12-31,029984,Prologis Inc,,58486.2200,20744.0100,37742.2100,
A,USD,STD,INDL,C,PLD,2021-12-31,029984,Prologis Inc,,58486.2200,20744.0100,37742.2100,
A,USD,STD,FS,C,PLD,2022-12-31,029984,Prologis Inc,,87897.4480,30034.3550,57863.0930,
A,USD,STD,INDL,C,PLD,2022-12-31,029984,Prologis Inc,,87897.4480,30034.3550,57863.0930,
A,USD,STD,FS,C,PLD,2023-12-31,029984,Prologis Inc,,93020.8400,35197.1200,57823.7200,123221.3203
A,USD,STD,INDL,C,PLD,2023-12-31,029984,Prologis Inc,,93020.8400,35197.1200,57823.7200,123221.3203
A,USD,STD,FS,C,PLD,2024-12-31,029984,Prologis Inc,,95328.9090,36712.1390,58616.7700,97908.1131
A,USD,STD,INDL,C,PLD,2024-12-31,029984,Prologis Inc,,95328.9090,36712.1390,58616.7700,97908.1131
A,USD,STD,FS,C,PLD,2025-12-31,029984,Prologis Inc,,98724.2560,40970.2480,57754.0080,118615.6720
A,USD,STD,INDL,C,PLD,2025-12-31,029984,Prologis Inc,,98724.2560,40970.2480,57754.0080,118615.6720
A,USD,STD,INDL,C,UDR,1990-12-31,010894,UDR Inc,,259.5320,141.3780,,
A,USD,STD,INDL,C,UDR,1991-12-31,010894,UDR Inc,,314.4730,178.3210,,
A,USD,STD,INDL,C,UDR,1992-12-31,010894,UDR Inc,,390.3650,192.6880,,
A,USD,STD,INDL,C,UDR,1993-12-31,010894,UDR Inc,,505.8400,245.8770,,
A,USD,STD,INDL,C,UDR,1994-12-31,010894,UDR Inc,,911.9130,554.9450,,
A,USD,STD,INDL,C,UDR,1995-12-31,010894,UDR Inc,,1080.6160,564.2270,,
A,USD,STD,INDL,C,UDR,1996-12-31,010894,UDR Inc,,1966.9040,1114.4960,,
A,USD,STD,FS,C,UDR,1997-12-31,010894,UDR Inc,,2313.7250,1240.6750,,
A,USD,STD,INDL,C,UDR,1997-12-31,010894,UDR Inc,,2313.7250,1240.6750,,
A,USD,STD,FS,C,UDR,1998-12-31,010894,UDR Inc,,3755.3880,2265.8250,,1068.7772
A,USD,STD,INDL,C,UDR,1998-12-31,010894,UDR Inc,,3755.3880,2265.8250,,1068.7772
A,USD,STD,FS,C,UDR,1999-12-31,010894,UDR Inc,,3688.3170,2283.9380,,1014.5674
A,USD,STD,INDL,C,UDR,1999-12-31,010894,UDR Inc,,3688.3170,2283.9380,,1014.5674
A,USD,STD,FS,C,UDR,2000-12-31,010894,UDR Inc,,3453.9570,2146.7390,,1105.2429
A,USD,STD,INDL,C,UDR,2000-12-31,010894,UDR Inc,,3453.9570,2146.7390,,1105.2429
A,USD,STD,FS,C,UDR,2001-12-31,010894,UDR Inc,,3348.0910,2229.7010,,1485.1152
A,USD,STD,INDL,C,UDR,2001-12-31,010894,UDR Inc,,3348.0910,2229.7010,,1485.1152
A,USD,STD,FS,C,UDR,2002-12-31,010894,UDR Inc,,3276.1360,2205.6490,,
A,USD,STD,INDL,C,UDR,2002-12-31,010894,UDR Inc,,3276.1360,2205.6490,,
A,USD,STD,FS,C,UDR,2003-12-31,010894,UDR Inc,,3543.6430,2286.0010,,
A,USD,STD,INDL,C,UDR,2003-12-31,010894,UDR Inc,,3543.6430,2286.0010,,
A,USD,STD,FS,C,UDR,2004-12-31,010894,UDR Inc,,4332.0010,3052.9570,,3383.4640
A,USD,STD,INDL,C,UDR,2004-12-31,010894,UDR Inc,,4332.0010,3052.9570,,3383.4640
A,USD,STD,FS,C,UDR,2005-12-31,010894,UDR Inc,,4541.5930,3350.0500,,
A,USD,STD,INDL,C,UDR,2005-12-31,010894,UDR Inc,,4541.5930,3350.0500,,
A,USD,STD,FS,C,UDR,2006-12-31,010894,UDR Inc,,4675.8750,3531.7870,,
A,USD,STD,INDL,C,UDR,2006-12-31,010894,UDR Inc,,4675.8750,3531.7870,,
A,USD,STD,FS,C,UDR,2007-12-31,010894,UDR Inc,,4801.1210,3719.6790,,
A,USD,STD,INDL,C,UDR,2007-12-31,010894,UDR Inc,,4801.1210,3719.6790,1019.3930,
A,USD,STD,FS,C,UDR,2008-12-31,010894,UDR Inc,,5144.2950,3496.2430,,2051.6900
A,USD,STD,INDL,C,UDR,2008-12-31,010894,UDR Inc,,5144.2950,3496.2430,1570.6770,2051.6900
A,USD,STD,FS,C,UDR,2009-12-31,010894,UDR Inc,,5132.6170,3634.8770,1398.9820,
A,USD,STD,INDL,C,UDR,2009-12-31,010894,UDR Inc,,5132.6170,3634.8770,1398.9820,
A,USD,STD,FS,C,UDR,2010-12-31,010894,UDR Inc,,5529.5400,3800.4530,1610.0300,4292.3059
A,USD,STD,INDL,C,UDR,2010-12-31,010894,UDR Inc,,5529.5400,3800.4530,1610.0300,4292.3059
A,USD,STD,FS,C,UDR,2011-12-31,010894,UDR Inc,,6721.3540,4166.0950,2318.7840,
A,USD,STD,INDL,C,UDR,2011-12-31,010894,UDR Inc,,6721.3540,4166.0950,2318.7840,
A,USD,STD,FS,C,UDR,2012-12-31,010894,UDR Inc,,6888.5090,3671.2590,2993.8320,
A,USD,STD,INDL,C,UDR,2012-12-31,010894,UDR Inc,,6888.5090,3671.2590,2993.8320,
A,USD,STD,FS,C,UDR,2013-12-31,010894,UDR Inc,,6807.7220,3777.6210,2812.5040,5855.0125
A,USD,STD,INDL,C,UDR,2013-12-31,010894,UDR Inc,,6807.7220,3777.6210,2812.5040,5855.0125
A,USD,STD,FS,C,UDR,2014-12-31,010894,UDR Inc,,6846.5340,3828.1040,2735.9500,
A,USD,STD,INDL,C,UDR,2014-12-31,010894,UDR Inc,,6846.5340,3828.1040,2735.9500,
A,USD,STD,FS,C,UDR,2015-12-31,010894,UDR Inc,,7663.8440,3816.7970,2900.6110,
A,USD,STD,INDL,C,UDR,2015-12-31,010894,UDR Inc,,7663.8440,3816.7970,2900.6110,
A,USD,STD,FS,C,UDR,2016-12-31,010894,UDR Inc,,7679.5840,3673.1320,3096.9700,9749.6083
A,USD,STD,INDL,C,UDR,2016-12-31,010894,UDR Inc,,7679.5840,3673.1320,3096.9700,9749.6083
A,USD,STD,FS,C,UDR,2017-12-31,010894,UDR Inc,,7733.2730,3949.7710,2835.3640,
A,USD,STD,INDL,C,UDR,2017-12-31,010894,UDR Inc,,7733.2730,3949.7710,2835.3640,
A,USD,STD,FS,C,UDR,2018-12-31,010894,UDR Inc,,7711.7280,3816.2110,2922.7770,
A,USD,STD,INDL,C,UDR,2018-12-31,010894,UDR Inc,,7711.7280,3816.2110,2922.7770,
A,USD,STD,FS,C,UDR,2019-12-31,010894,UDR Inc,,9636.4720,5228.4930,3389.3140,
A,USD,STD,INDL,C,UDR,2019-12-31,010894,UDR Inc,,9636.4720,5228.4930,3389.3140,
A,USD,STD,FS,C,UDR,2020-12-31,010894,UDR Inc,,9637.5330,5522.6480,3258.5910,
A,USD,STD,INDL,C,UDR,2020-12-31,010894,UDR Inc,,9637.5330,5522.6480,3258.5910,
A,USD,STD,FS,C,UDR,2021-12-31,010894,UDR Inc,,10775.2200,6001.4740,3474.3040,
A,USD,STD,INDL,C,UDR,2021-12-31,010894,UDR Inc,,10775.2200,6001.4740,3474.3040,
A,USD,STD,FS,C,UDR,2022-12-31,010894,UDR Inc,,11038.4700,6100.3250,4098.2950,
A,USD,STD,INDL,C,UDR,2022-12-31,010894,UDR Inc,,11038.4700,6100.3250,4098.2950,
A,USD,STD,FS,C,UDR,2023-12-31,010894,UDR Inc,,11373.2420,6420.8010,3991.3540,
A,USD,STD,INDL,C,UDR,2023-12-31,010894,UDR Inc,,11373.2420,6420.8010,3991.3540,
A,USD,STD,FS,C,UDR,2024-12-31,010894,UDR Inc,,10897.5860,6436.6910,3443.5400,
A,USD,STD,INDL,C,UDR,2024-12-31,010894,UDR Inc,,10897.5860,6436.6910,3443.5400,
A,USD,STD,FS,C,UDR,2025-12-31,010894,UDR Inc,,10605.6740,6456.9110,3288.7970,12041.0536
A,USD,STD,INDL,C,UDR,2025-12-31,010894,UDR Inc,,10605.6740,6456.9110,3288.7970,12041.0536
A,USD,STD,INDL,C,WELL,1990-12-31,005543,Welltower Inc,,189.7200,113.0990,76.6210,
A,USD,STD,INDL,C,WELL,1991-12-31,005543,Welltower Inc,,207.2040,93.2480,113.9560,
A,USD,STD,INDL,C,WELL,1992-12-31,005543,Welltower Inc,,226.2070,107.2590,118.9480,
A,USD,STD,INDL,C,WELL,1993-12-31,005543,Welltower Inc,,285.0240,100.8920,184.1320,
A,USD,STD,INDL,C,WELL,1994-12-31,005543,Welltower Inc,,324.1020,134.9220,189.1800,
A,USD,STD,INDL,C,WELL,1995-12-31,005543,Welltower Inc,,358.0920,170.4940,187.5980,
A,USD,STD,INDL,C,WELL,1996-12-31,005543,Welltower Inc,,519.8310,194.2950,325.5360,
A,USD,STD,INDL,C,WELL,1997-12-31,005543,Welltower Inc,,734.3270,264.4030,469.9240,
A,USD,STD,INDL,C,WELL,1998-12-31,005543,Welltower Inc,,1073.4240,439.6650,633.7590,730.7100
A,USD,STD,INDL,C,WELL,1999-12-31,005543,Welltower Inc,,1271.1710,564.1750,706.9960,431.5465
A,USD,STD,FS,C,WELL,2000-12-31,005543,Welltower Inc,,1156.9040,458.2970,,468.0975
A,USD,STD,INDL,C,WELL,2000-12-31,005543,Welltower Inc,,1156.9040,458.2970,698.6070,468.0975
A,USD,STD,FS,C,WELL,2001-12-31,005543,Welltower Inc,,1269.8430,511.9730,,797.2190
A,USD,STD,INDL,C,WELL,2001-12-31,005543,Welltower Inc,,1269.8430,511.9730,757.8700,797.2190
A,USD,STD,FS,C,WELL,2002-12-31,005543,Welltower Inc,,1594.1100,696.8780,,1084.3263
A,USD,STD,INDL,C,WELL,2002-12-31,005543,Welltower Inc,,1594.1100,696.8780,897.2320,1084.3263
A,USD,STD,FS,C,WELL,2003-12-31,005543,Welltower Inc,,2182.7310,1033.0520,,1813.0320
A,USD,STD,INDL,C,WELL,2003-12-31,005543,Welltower Inc,,2182.7310,1033.0520,1149.6790,1813.0320
A,USD,STD,FS,C,WELL,2004-12-31,005543,Welltower Inc,,2549.6430,1214.3640,,2019.0888
A,USD,STD,INDL,C,WELL,2004-12-31,005543,Welltower Inc,,2549.6430,1214.3640,1335.2790,2019.0888
A,USD,STD,FS,C,WELL,2005-12-31,005543,Welltower Inc,,2972.1640,1541.4080,,1897.0440
A,USD,STD,INDL,C,WELL,2005-12-31,005543,Welltower Inc,,2972.1640,1541.4080,1430.7560,1897.0440
A,USD,STD,FS,C,WELL,2006-12-31,005543,Welltower Inc,,4280.6100,2299.5890,,3148.7198
A,USD,STD,INDL,C,WELL,2006-12-31,005543,Welltower Inc,,4280.6100,2299.5890,1978.7930,3148.7198
A,USD,STD,FS,C,WELL,2007-12-31,005543,Welltower Inc,,5213.8560,2799.8130,,3820.8162
A,USD,STD,INDL,C,WELL,2007-12-31,005543,Welltower Inc,,5213.8560,2799.8130,2404.3560,3820.8162
A,USD,STD,FS,C,WELL,2008-12-31,005543,Welltower Inc,,6193.1180,2970.9290,,4418.5088
A,USD,STD,INDL,C,WELL,2008-12-31,005543,Welltower Inc,,6193.1180,2970.9290,3211.5860,4418.5088
A,USD,STD,FS,C,WELL,2009-12-31,005543,Welltower Inc,,6367.1860,2559.7350,3807.4510,5468.4232
A,USD,STD,INDL,C,WELL,2009-12-31,005543,Welltower Inc,,6367.1860,2559.7350,3807.4510,5468.4232
A,USD,STD,FS,C,WELL,2010-12-31,005543,Welltower Inc,,9451.7340,4714.0810,4733.1000,7007.7011
A,USD,STD,INDL,C,WELL,2010-12-31,005543,Welltower Inc,,9451.7340,4714.0810,4733.1000,7007.7011
A,USD,STD,FS,C,WELL,2011-12-31,005543,Welltower Inc,,14924.6060,7612.3090,7278.6470,10484.7558
A,USD,STD,INDL,C,WELL,2011-12-31,005543,Welltower Inc,,14924.6060,7612.3090,7278.6470,10484.7558
A,USD,STD,FS,C,WELL,2012-12-31,005543,Welltower Inc,,19549.1090,8993.9980,10520.5190,15958.3225
A,USD,STD,INDL,C,WELL,2012-12-31,005543,Welltower Inc,,19549.1090,8993.9980,10520.5190,15958.3225
A,USD,STD,FS,C,WELL,2013-12-31,005543,Welltower Inc,,23083.9570,11292.5870,11756.3310,15511.9435
A,USD,STD,INDL,C,WELL,2013-12-31,005543,Welltower Inc,,23083.9570,11292.5870,11756.3310,15511.9435
A,USD,STD,FS,C,WELL,2014-12-31,005543,Welltower Inc,,25014.2960,11454.8380,13473.0490,24879.5393
A,USD,STD,INDL,C,WELL,2014-12-31,005543,Welltower Inc,,25014.2960,11454.8380,13473.0490,24879.5393
A,USD,STD,FS,C,WELL,2015-12-31,005543,Welltower Inc,,29023.8450,13664.8770,15175.8850,24135.5473
A,USD,STD,INDL,C,WELL,2015-12-31,005543,Welltower Inc,,29023.8450,13664.8770,15175.8850,24135.5473
A,USD,STD,FS,C,WELL,2016-12-31,005543,Welltower Inc,,28865.1840,13185.2790,15281.4720,24268.9519
A,USD,STD,INDL,C,WELL,2016-12-31,005543,Welltower Inc,,28865.1840,13185.2790,15281.4720,24268.9519
A,USD,STD,FS,C,WELL,2017-12-31,005543,Welltower Inc,,27944.4450,12643.7990,14925.4520,
A,USD,STD,INDL,C,WELL,2017-12-31,005543,Welltower Inc,,27944.4450,12643.7990,14925.4520,
A,USD,STD,FS,C,WELL,2018-12-31,005543,Welltower Inc,,30342.0720,14331.4270,15586.5990,26630.8818
A,USD,STD,INDL,C,WELL,2018-12-31,005543,Welltower Inc,,30342.0720,14331.4270,15586.5990,26630.8818
A,USD,STD,FS,C,WELL,2019-12-31,005543,Welltower Inc,,33380.7510,16398.2470,16506.6270,33550.8175
A,USD,STD,INDL,C,WELL,2019-12-31,005543,Welltower Inc,,33380.7510,16398.2470,16506.6270,33550.8175
A,USD,STD,FS,C,WELL,2020-12-31,005543,Welltower Inc,,32483.6420,15258.5800,16881.5720,26972.4526
A,USD,STD,INDL,C,WELL,2020-12-31,005543,Welltower Inc,,32483.6420,15258.5800,16881.5720,26972.4526
A,USD,STD,FS,C,WELL,2021-12-31,005543,Welltower Inc,,34910.3250,15912.4520,18596.5790,
A,USD,STD,INDL,C,WELL,2021-12-31,005543,Welltower Inc,,34910.3250,15912.4520,18596.5790,
A,USD,STD,FS,C,WELL,2022-12-31,005543,Welltower Inc,,37893.2330,16499.2370,21009.5530,32152.8650
A,USD,STD,INDL,C,WELL,2022-12-31,005543,Welltower Inc,,37893.2330,16499.2370,21009.5530,32152.8650
A,USD,STD,FS,C,WELL,2023-12-31,005543,Welltower Inc,,44012.1660,17640.4390,26081.1220,50877.6110
A,USD,STD,INDL,C,WELL,2023-12-31,005543,Welltower Inc,,44012.1660,17640.4390,26081.1220,50877.6110
A,USD,STD,FS,C,WELL,2024-12-31,005543,Welltower Inc,,51044.3080,18471.7220,32316.3660,
A,USD,STD,INDL,C,WELL,2024-12-31,005543,Welltower Inc,,51044.3080,18471.7220,32316.3660,
A,USD,STD,FS,C,WELL,2025-12-31,005543,Welltower Inc,,67303.0470,24100.1080,42939.7160,129278.6643
A,USD,STD,INDL,C,WELL,2025-12-31,005543,Welltower Inc,,67303.0470,24100.1080,42939.7160,129278.6643
